{
  "Zero-shot": 0.7508847644925117,
  "Paper Strategy (MAPS)": 0.7194287295639515,
  "RAG 5-shot": 0.7765510103106499
}