{
  "Zero-shot": 0.7557137946039438,
  "Paper Strategy (MAPS)": 0.8056823693215847,
  "RAG 5-shot": 0.7765509809553623
}