{
  "zero_shot": 0.7557137199491263,
  "paper_strategy": 0.8056823520362377
}