{
  "zero_shot": 0.7508846362680197,
  "paper_strategy": 0.7194285822659731
}